{
 "test/map": 0.9631510972976685,
 "test/map_r": 0.9442209601402283,
 "test/mrr": 0.6489230394363403
}