{
 "test/map": 0.9772767424583435,
 "test/map_r": 0.9641516208648682,
 "test/mrr": 0.6536491513252258
}